Index,Document Name,URL,Date,Department,Author,Original_File_Path,PDF_File_Path,Doc_Number
1,2025년 서울 청년수당 12월분 지급(2차),https://opengov.seoul.go.kr/sanction/35027731?from=policy&tid=32175351,2025-12-17,미래청년기획관 청년사업담당관,박인현 (02-2133-4316),attachments/1_original.hwpx,,청년사업담당관-12227
2,[회신]「으뜸관악 청년통장」만기대상자 유사사업 중복지원 조회 요청,https://opengov.seoul.go.kr/sanction/35005313?from=policy&tid=32175351,2025-12-15,미래청년기획관 청년사업담당관,박인현 (02-2133-4316),attachments/2_original.hwpx,,청년사업담당관-12129
3,법률자문 결과 알림,https://opengov.seoul.go.kr/sanction/34975759?from=policy&tid=32175351,2025-12-11,미래청년기획관 청년사업담당관,박인현 (02-2133-4316),attachments/3_original.hwpx,,청년사업담당관-12022
4,예산 변경사용 승인 요청,https://opengov.seoul.go.kr/sanction/34969281?from=policy&tid=32175351,2025-12-10,미래청년기획관 청년사업담당관,박인현 (02-2133-4316),attachments/4_original.hwpx,,청년사업담당관-11989
5,청년수당 예산확보를 위한예산변경 계획,https://opengov.seoul.go.kr/sanction/34972367?from=policy&tid=32175351,2025-12-10,미래청년기획관 청년사업담당관,박인현 (02-2133-4316),attachments/5_original.hwpx,,청년사업담당관-11984
6,서울 청년수당 정책 개편 TF(제3차) 자문 수당 지급,https://opengov.seoul.go.kr/sanction/34907131?from=policy&tid=32175351,2025-12-03,미래청년기획관 청년사업담당관,박인현 (02-2133-4316),attachments/6_original.hwpx,,청년사업담당관-11734
7,서울 청년수당 정책 개편 TF(제3차) 결과 보고,https://opengov.seoul.go.kr/sanction/34900991?from=policy&tid=32175351,2025-12-02,미래청년기획관 청년사업담당관,박인현 (02-2133-4316),attachments/7_original.hwpx,,청년사업담당관-11667
8,[회신] '25년 청년월세지원 2차 지급심사 중복조회(청년수당),https://opengov.seoul.go.kr/sanction/34853203?from=policy&tid=32175351,2025-11-27,미래청년기획관 청년사업담당관,박인현 (02-2133-4316),attachments/8_original.hwpx,,청년사업담당관-11523
9,[회신] 2025 「으뜸관악 청년통장」신청자 유사사업 중복지원 조회 요청,https://opengov.seoul.go.kr/sanction/34857249?from=policy&tid=32175351,2025-11-27,미래청년기획관 청년사업담당관,박인현 (02-2133-4316),attachments/9_original.hwpx,,청년사업담당관-11520
10,2025년 서울 청년수당 11월분 지급(2차),https://opengov.seoul.go.kr/sanction/34819732?from=policy&tid=32175351,2025-11-24,미래청년기획관 청년사업담당관,박인현 (02-2133-4316),attachments/10_original.hwpx,,청년사업담당관-11383
11,[회신] 규제 개선 제안 안건에 대한 부서 검토 의견 요청,https://opengov.seoul.go.kr/sanction/34827781?from=policy&tid=32175351,2025-11-24,미래청년기획관 청년사업담당관,박인현 (02-2133-4316),attachments/11_original.hwpx,,청년사업담당관-11380
12,예비비 사용 승인 요청,https://opengov.seoul.go.kr/sanction/34813382?from=policy&tid=32175351,2025-11-21,미래청년기획관 청년사업담당관,박인현 (02-2133-4316),attachments/12_original.hwpx,,청년사업담당관-11344
13,청년수당 예산확보를 위한예비비 사용계획,https://opengov.seoul.go.kr/sanction/34798851?from=policy&tid=32175351,2025-11-20,미래청년기획관 청년사업담당관,박인현 (02-2133-4316),attachments/13_original.hwpx,,청년사업담당관-11290
14,서울 청년수당 정책 개편 자문회의(3차 TF) 계획,https://opengov.seoul.go.kr/sanction/34704571?from=policy&tid=32175351,2025-11-07,미래청년기획관 청년사업담당관,박인현 (02-2133-4316),attachments/14_original.hwpx,,청년사업담당관-10802
15,2025년 서울 청년수당 10월분 추가지급,https://opengov.seoul.go.kr/sanction/34706137?from=policy&tid=32175351,2025-11-07,미래청년기획관 청년사업담당관,박인현 (02-2133-4316),attachments/15_original.hwpx,,청년사업담당관-10800
16,서울 청년수당 정책 개편 TF(제2차) 결과 보고,https://opengov.seoul.go.kr/sanction/34702856?from=policy&tid=32175351,2025-11-07,미래청년기획관 청년사업담당관,박인현 (02-2133-4316),attachments/16_original.hwpx,,청년사업담당관-10798
17,2025년 서울 청년수당 10월분 지급(2차),https://opengov.seoul.go.kr/sanction/34563033?from=policy&tid=32175351,2025-10-21,미래청년기획관 청년사업담당관,박인현 (02-2133-4316),attachments/17_original.hwpx,,청년사업담당관-10179
18,서울 청년수당 정책 개편 TF 운영계획(제2차),https://opengov.seoul.go.kr/sanction/34566336?from=policy&tid=32175351,2025-10-21,미래청년기획관 청년사업담당관,박인현 (02-2133-4316),attachments/18_original.hwpx,,청년사업담당관-10175
19,[회신] 성동구 미취업 청년 자격증 응시료 지원사업 중복지원 조회(10월),https://opengov.seoul.go.kr/sanction/34551796?from=policy&tid=32175351,2025-10-20,미래청년기획관 청년사업담당관,박인현 (02-2133-4316),attachments/19_original.hwpx,,청년사업담당관-10107
20,2025년 서울 청년수당 9월 지급분 반납품의(2건),https://opengov.seoul.go.kr/sanction/34462403?from=policy&tid=32175351,2025-10-01,미래청년기획관 청년사업담당관,박인현 (02-2133-4316),,,청년사업담당관-9702
21,세외수입 결정결의 등록,https://opengov.seoul.go.kr/sanction/34456130?from=policy&tid=32175351,2025-10-01,미래청년기획관 청년사업담당관,박인현 (02-2133-4316),attachments/21_original.hwpx,,청년사업담당관-9700
22,[회신] '25년 청년월세지원 1차 지급심사 중복조회(청년수당),https://opengov.seoul.go.kr/sanction/34404455?from=policy&tid=32175351,2025-09-24,미래청년기획관 청년사업담당관,박인현 (02-2133-4316),attachments/22_original.hwpx,,청년사업담당관-9416
23,[회신] 서울시 청년수당 참여기간 확인 요청,https://opengov.seoul.go.kr/sanction/34407730?from=policy&tid=32175351,2025-09-24,미래청년기획관 청년사업담당관,박인현 (02-2133-4316),attachments/23_original.hwpx,,청년사업담당관-9414
24,2025년 서울 청년수당 9월분 지급(2차),https://opengov.seoul.go.kr/sanction/34387463?from=policy&tid=32175351,2025-09-22,미래청년기획관 청년사업담당관,박인현 (02-2133-4316),attachments/24_original.hwpx,,청년사업담당관-9282
25,2025년 서울 청년수당 9월분 지급(1차),https://opengov.seoul.go.kr/sanction/34383261?from=policy&tid=32175351,2025-09-22,미래청년기획관 청년사업담당관,박인현 (02-2133-4316),attachments/25_original.hwpx,,청년사업담당관-9281
26,공공데이터 제공거부결정 통보서,https://opengov.seoul.go.kr/sanction/34356662?from=policy&tid=32175351,2025-09-17,미래청년기획관 청년사업담당관,박인현 (02-2133-4316),attachments/26_original.hwpx,,청년사업담당관-9145
27,[회신] 성동구 미취업 청년 자격증 응시료 지원사업 중복지원 조회(9월),https://opengov.seoul.go.kr/sanction/34346303?from=policy&tid=32175351,2025-09-16,미래청년기획관 청년사업담당관,박인현 (02-2133-4316),attachments/27_original.hwpx,,청년사업담당관-9086
28,정보공개 결정 통지서 (15163140),https://opengov.seoul.go.kr/sanction/34318036?from=policy&tid=32175351,2025-09-12,미래청년기획관 청년사업담당관,박인현 (02-2133-4316),attachments/28_original.hwpx,,청년사업담당관-8953
29,2025년 9월 서울 청년수당 중복참여 여부 조회 요청(희망두배 청년통장),https://opengov.seoul.go.kr/sanction/34280955?from=policy&tid=32175351,2025-09-08,미래청년기획관 청년사업담당관,박인현 (02-2133-4316),attachments/29_original.hwpx,,청년사업담당관-8756
30,2025년 9월 서울 청년수당 중복참여 여부 조회 요청(서울시 청년 월세 지원),https://opengov.seoul.go.kr/sanction/34280646?from=policy&tid=32175351,2025-09-08,미래청년기획관 청년사업담당관,박인현 (02-2133-4316),attachments/30_original.hwpx,,청년사업담당관-8755
31,[회신] 2025년 서울시 희망두배 청년통장 신청대상 사업 참여 확인 요청,https://opengov.seoul.go.kr/sanction/34262369?from=policy&tid=32175351,2025-09-04,미래청년기획관 청년사업담당관,박인현 (02-2133-4316),attachments/31_original.hwpx,,청년사업담당관-8687
32,2025년 서울 청년수당 2차 모집 선정 결과,https://opengov.seoul.go.kr/sanction/34246280?from=policy&tid=32175351,2025-09-03,미래청년기획관 청년사업담당관,박인현 (02-2133-4316),attachments/32_original.hwpx,,청년사업담당관-8616
33,2025년 서울 청년수당 7월분 추가지급,https://opengov.seoul.go.kr/sanction/34204075?from=policy&tid=32175351,2025-08-28,미래청년기획관 청년사업담당관,박인현 (02-2133-4316),attachments/33_original.hwpx,,청년사업담당관-8411
34,서울 청년수당 정책 개편 TF(제1차) 결과 보고,https://opengov.seoul.go.kr/sanction/34195802?from=policy&tid=32175351,2025-08-27,미래청년기획관 청년사업담당관,박인현 (02-2133-4316),attachments/34_original.hwpx,,청년사업담당관-8330
35,2025년 서울 청년수당 8월분 지급(1차),https://opengov.seoul.go.kr/sanction/34185508?from=policy&tid=32175351,2025-08-26,미래청년기획관 청년사업담당관,박인현 (02-2133-4316),attachments/35_original.hwpx,,청년사업담당관-8292
36,2025년 서울 청년수당 8월분 지급(2차),https://opengov.seoul.go.kr/sanction/34184166?from=policy&tid=32175351,2025-08-26,미래청년기획관 청년사업담당관,박인현 (02-2133-4316),attachments/36_original.hwpx,,청년사업담당관-8291
37,[회신] 용산구 청년 국가자격증 및 어학시험 응시료 지원사업 신청자(8월) 중복지원 조회 요청,https://opengov.seoul.go.kr/sanction/34141326?from=policy&tid=32175351,2025-08-19,미래청년기획관 청년사업담당관,박인현 (02-2133-4316),attachments/37_original.hwpx,,청년사업담당관-8075
38,서울 청년수당 정책 개편 TF 운영계획(제1차),https://opengov.seoul.go.kr/sanction/34140074?from=policy&tid=32175351,2025-08-19,미래청년기획관 청년사업담당관,박인현 (02-2133-4316),attachments/38_original.hwpx,,청년사업담당관-8074
39,2025년 서울 청년수당 7월분 추가지급,https://opengov.seoul.go.kr/sanction/34115037?from=policy&tid=32175351,2025-08-14,미래청년기획관 청년사업담당관,박인현 (02-2133-4316),attachments/39_original.hwpx,,청년사업담당관-7949
40,2025년 8월 서울 청년수당 중복참여 여부 조회 요청(희망두배 청년통장),https://opengov.seoul.go.kr/sanction/34097096?from=policy&tid=32175351,2025-08-12,미래청년기획관 청년사업담당관,박인현 (02-2133-4316),attachments/40_original.hwpx,,청년사업담당관-7866
41,2025년 8월 서울 청년수당 중복참여 여부 조회 요청(서울시 청년 월세 지원),https://opengov.seoul.go.kr/sanction/34104009?from=policy&tid=32175351,2025-08-12,미래청년기획관 청년사업담당관,박인현 (02-2133-4316),attachments/41_original.hwpx,,청년사업담당관-7865
42,[회신] 강서구 미취업청년 자격증 응시료 지원사업 중복지원 조회 요청[4차],https://opengov.seoul.go.kr/sanction/34068367?from=policy&tid=32175351,2025-08-07,미래청년기획관 청년사업담당관,박인현 (02-2133-4316),attachments/42_original.hwpx,,청년사업담당관-7767
43,[회신] 2025년 구로구 청년 자격시험 응시료 지원사업 유사사업 중복지원 조회 요청(7월),https://opengov.seoul.go.kr/sanction/34073905?from=policy&tid=32175351,2025-08-07,미래청년기획관 청년사업담당관,박인현 (02-2133-4316),attachments/43_original.hwpx,,청년사업담당관-7766
44,[회신] 2025년 동대문구 청년 자격취득 활동지원 중복지원 조회 요청[8차],https://opengov.seoul.go.kr/sanction/34072840?from=policy&tid=32175351,2025-08-07,미래청년기획관 청년사업담당관,박인현 (02-2133-4316),attachments/44_original.hwpx,,청년사업담당관-7764
45,[회신] 강남구 미취업 청년 어학·자격증 응시료 지원사업(8월) 중복지원 조회 요청,https://opengov.seoul.go.kr/sanction/34071475?from=policy&tid=32175351,2025-08-07,미래청년기획관 청년사업담당관,박인현 (02-2133-4316),attachments/45_original.hwpx,,청년사업담당관-7763
46,[회신] 2025년 마포구 청년 취업 준비 비용 지원사업 신청자(7월) 중복지원 조회 요청,https://opengov.seoul.go.kr/sanction/34070145?from=policy&tid=32175351,2025-08-07,미래청년기획관 청년사업담당관,박인현 (02-2133-4316),attachments/46_original.hwpx,,청년사업담당관-7762
47,2025년 서울 청년수당 7월 지급분 반납품의(2건),https://opengov.seoul.go.kr/sanction/34071335?from=policy&tid=32175351,2025-08-07,미래청년기획관 청년사업담당관,박인현 (02-2133-4316),,,청년사업담당관-7730
48,대량지급 이용 신청서 제출,https://opengov.seoul.go.kr/sanction/33996413?from=policy&tid=32175351,2025-07-28,,,,,청년사업담당관-7359
49,2025년 서울 청년수당 7월분 지급(2차),https://opengov.seoul.go.kr/sanction/33974566?from=policy&tid=32175351,2025-07-24,미래청년기획관 청년사업담당관,박인현 (02-2133-4316),attachments/49_original.hwpx,,청년사업담당관-7243
50,2025년 서울 청년수당 7월분 지급(1차),https://opengov.seoul.go.kr/sanction/33966992?from=policy&tid=32175351,2025-07-23,미래청년기획관 청년사업담당관,박인현 (02-2133-4316),attachments/50_original.hwpx,,청년사업담당관-7224
51,정보공개 결정 통지서 (14725323),https://opengov.seoul.go.kr/sanction/33963393?from=policy&tid=32175351,2025-07-23,미래청년기획관 청년사업담당관,최수정 (02-2133-6585),attachments/51_original.hwpx,,청년사업담당관-7222
52,정보공개 결정 통지서 (14729502),https://opengov.seoul.go.kr/sanction/33952188?from=policy&tid=32175351,2025-07-22,미래청년기획관 청년사업담당관,최수정 (02-2133-6585),attachments/52_original.hwpx,,청년사업담당관-7182
53,[회신] 2025년도 은평구 미취업청년 자격증 응시료 지원사업 중복지원 여부 확인(7월),https://opengov.seoul.go.kr/sanction/33892333?from=policy&tid=32175351,2025-07-14,미래청년기획관 청년사업담당관,최수정 (02-2133-6585),attachments/53_original.hwpx,,청년사업담당관-6809
54,2025년 7월 서울 청년수당 중복참여 여부 조회 요청(희망두배 청년통장),https://opengov.seoul.go.kr/sanction/33897569?from=policy&tid=32175351,2025-07-14,미래청년기획관 청년사업담당관,최수정 (02-2133-6585),attachments/54_original.hwpx,,청년사업담당관-6800
55,2025년 7월 서울 청년수당 중복참여 여부 조회 요청(청년월세지원 사업),https://opengov.seoul.go.kr/sanction/33889541?from=policy&tid=32175351,2025-07-14,미래청년기획관 청년사업담당관,최수정 (02-2133-6585),attachments/55_original.hwpx,,청년사업담당관-6798
56,2025년 서울 청년수당 6월분 추가 지급,https://opengov.seoul.go.kr/sanction/33895083?from=policy&tid=32175351,2025-07-14,미래청년기획관 청년사업담당관,최수정 (02-2133-6585),attachments/56_original.hwpx,,청년사업담당관-6789
57,[회신] 서울시 청년수당 수령액 및 기간 확인요청,https://opengov.seoul.go.kr/sanction/33867377?from=policy&tid=32175351,2025-07-09,미래청년기획관 청년사업담당관,최수정 (02-2133-6585),attachments/57_original.hwpx,,청년사업담당관-6577
58,[회신] 2025년 구로구 청년 자격시험 응시료 지원사업 유사사업 중복지원 조회 요청(6월),https://opengov.seoul.go.kr/sanction/33867153?from=policy&tid=32175351,2025-07-09,미래청년기획관 청년사업담당관,최수정 (02-2133-6585),attachments/58_original.hwpx,,청년사업담당관-6576
59,[처리기간 연장 결재 신청] 청년수당 관련,https://opengov.seoul.go.kr/sanction/33840614?from=policy&tid=32175351,2025-07-07,미래청년기획관 청년사업담당관,한보라 (02-2133-4311),attachments/59_original.hwpx,,청년사업담당관-6485
60,[회신] 2025년 동대문구 청년 자격취득 활동지원 유사 사업 등 중복지원 조회 요청[6차],https://opengov.seoul.go.kr/sanction/33832927?from=policy&tid=32175351,2025-07-04,미래청년기획관 청년사업담당관,최수정 (02-2133-6585),attachments/60_original.hwpx,,청년사업담당관-6415
61,건강보험료 관련 자료 요청,https://opengov.seoul.go.kr/sanction/33811664?from=policy&tid=32175351,2025-07-02,미래청년기획관 청년사업담당관,최수정 (02-2133-6585),attachments/61_original.hwpx,,청년사업담당관-6324
62,[회신] 2025년 강서구 미취업청년 자격증 응시료 지원사업 중복지원 조회(3차),https://opengov.seoul.go.kr/sanction/33804672?from=policy&tid=32175351,2025-07-02,미래청년기획관 청년사업담당관,최수정 (02-2133-6585),attachments/62_original.hwpx,,청년사업담당관-6290
63,건강보험료 판정기준표 관련 자료 요청,https://opengov.seoul.go.kr/sanction/33774669?from=policy&tid=32175351,2025-06-27,미래청년기획관 청년사업담당관,최수정 (02-2133-6585),attachments/63_original.hwpx,,청년사업담당관-6148
64,[회신] '25년 청년월세지원 대상자 선정 관련 중복조회 자료 요청(청년수당),https://opengov.seoul.go.kr/sanction/33768337?from=policy&tid=32175351,2025-06-27,미래청년기획관 청년사업담당관,최수정 (02-2133-6585),attachments/64_original.hwpx,,청년사업담당관-6147
65,[회신] 서울시 청년수당 지급일 확인 요청,https://opengov.seoul.go.kr/sanction/33768728?from=policy&tid=32175351,2025-06-27,미래청년기획관 청년사업담당관,최수정 (02-2133-6585),attachments/65_original.hwpx,,청년사업담당관-6133
66,고충민원 조사에 따른 관련자료 등 제출(청년수당),https://opengov.seoul.go.kr/sanction/33763278?from=policy&tid=32175351,2025-06-26,미래청년기획관 청년사업담당관,한보라 (02-2133-4311),attachments/66_original.hwpx,,청년사업담당관-6083
67,[처리기간 연장 결재 신청] 청년수당 상담 관련,https://opengov.seoul.go.kr/sanction/33750813?from=policy&tid=32175351,2025-06-25,미래청년기획관 청년사업담당관,한보라 (02-2133-4311),attachments/67_original.hwpx,,청년사업담당관-6076
68,2025년 서울 청년수당 6월분 지급,https://opengov.seoul.go.kr/sanction/33754791?from=policy&tid=32175351,2025-06-25,미래청년기획관 청년사업담당관,최수정 (02-2133-6585),attachments/68_original.hwpx,,청년사업담당관-6069
69,[회신] 서울시 청년수당 참여기간 확인 요청,https://opengov.seoul.go.kr/sanction/33715529?from=policy&tid=32175351,2025-06-20,미래청년기획관 청년사업담당관,최수정 (02-2133-6585),attachments/69_original.hwpx,,청년사업담당관-5946
70,[회신] 서울시 청년수당 참여기간 확인 요청,https://opengov.seoul.go.kr/sanction/33721762?from=policy&tid=32175351,2025-06-20,미래청년기획관 청년사업담당관,최수정 (02-2133-6585),attachments/70_original.hwpx,,청년사업담당관-5945
71,2025년 서울 청년수당 참여자 추가 모집 관련 홍보물 제작비 지급,https://opengov.seoul.go.kr/sanction/33671728?from=policy&tid=32175351,2025-06-13,미래청년기획관 청년사업담당관,최수정 (02-2133-6585),attachments/71_original.hwpx,,청년사업담당관-5685
72,2025년 서울 청년수당 중복참여 여부 조회 요청(국민취업지원제도),https://opengov.seoul.go.kr/sanction/33671966?from=policy&tid=32175351,2025-06-13,미래청년기획관 청년사업담당관,최수정 (02-2133-6585),attachments/72_original.hwpx,,청년사업담당관-5661
73,2025년 서울 청년수당 추가모집 중복참여 여부 조회 요청(희망두배 청년통장),https://opengov.seoul.go.kr/sanction/33672208?from=policy&tid=32175351,2025-06-13,미래청년기획관 청년사업담당관,최수정 (02-2133-6585),attachments/73_original.hwpx,,청년사업담당관-5660
74,2025년 서울 청년수당 추가모집 중복참여 여부 조회 요청(청년월세지원 사업),https://opengov.seoul.go.kr/sanction/33669685?from=policy&tid=32175351,2025-06-13,미래청년기획관 청년사업담당관,최수정 (02-2133-6585),attachments/74_original.hwpx,,청년사업담당관-5659
75,2025년 서울 청년수당 참여자 선정을 위한 서울런 참여 여부 조회 요청,https://opengov.seoul.go.kr/sanction/33670704?from=policy&tid=32175351,2025-06-13,미래청년기획관 청년사업담당관,최수정 (02-2133-6585),attachments/75_original.hwpx,,청년사업담당관-5651
76,2025년 서울 청년수당 추가모집 신청자의 대학(원) 재학여부 조회 요청,https://opengov.seoul.go.kr/sanction/33668360?from=policy&tid=32175351,2025-06-13,미래청년기획관 청년사업담당관,최수정 (02-2133-6585),attachments/76_original.hwpx,,청년사업담당관-5650
77,2025년 서울 청년수당 추가모집 신청자의 건강보험료 부과액 자료 요청,https://opengov.seoul.go.kr/sanction/33670518?from=policy&tid=32175351,2025-06-13,미래청년기획관 청년사업담당관,최수정 (02-2133-6585),attachments/77_original.hwpx,,청년사업담당관-5649
78,2025년 6월 서울 청년수당 중복참여 여부 조회 요청(희망두배 청년통장),https://opengov.seoul.go.kr/sanction/33671223?from=policy&tid=32175351,2025-06-13,미래청년기획관 청년사업담당관,최수정 (02-2133-6585),attachments/78_original.hwpx,,청년사업담당관-5648
79,2025년 6월 서울 청년수당 중복참여 여부 조회 요청(청년월세지원 사업),https://opengov.seoul.go.kr/sanction/33668051?from=policy&tid=32175351,2025-06-13,미래청년기획관 청년사업담당관,최수정 (02-2133-6585),attachments/79_original.hwpx,,청년사업담당관-5647
80,[회신] 영등포구 미취업 청년 국가자격시험 응시료 지원사업 유사사업 중복지원 여부 조회 요청(5월),https://opengov.seoul.go.kr/sanction/33644478?from=policy&tid=32175351,2025-06-10,미래청년기획관 청년사업담당관,최수정 (02-2133-6585),attachments/80_original.hwpx,,청년사업담당관-5524
81,[회신] 디딤돌소득 지원대상자 '서울 청년수당' 지원여부 확인 요청,https://opengov.seoul.go.kr/sanction/33570240?from=policy&tid=32175351,2025-05-29,미래청년기획관 청년사업담당관,최수정 (02-2133-6585),attachments/81_original.hwpx,,청년사업담당관-5265
82,[회신] '24년 청년월세지원 6차 지급심사 중복조회 자료 요청(청년수당),https://opengov.seoul.go.kr/sanction/33572968?from=policy&tid=32175351,2025-05-29,미래청년기획관 청년사업담당관,최수정 (02-2133-6585),attachments/82_original.hwpx,,청년사업담당관-5259
83,서울 신규브랜드 이동식 홍보물 대여 신청(청년사업담당관),https://opengov.seoul.go.kr/sanction/33557926?from=policy&tid=32175351,2025-05-28,미래청년기획관 청년사업담당관,최수정 (02-2133-6585),attachments/83_original.hwpx,,청년사업담당관-5238
84,[회신] 복지로 내 '지자체 사회보장사업' 안내 정보 현행화 요청,https://opengov.seoul.go.kr/sanction/33548072?from=policy&tid=32175351,2025-05-27,미래청년기획관 청년사업담당관,최수정 (02-2133-6585),attachments/84_original.hwpx,,청년사업담당관-5173
85,[회신] 미취업청년 자격증 응시료 지원사업 유사사업 중복지원 여부 조회 요청(5월),https://opengov.seoul.go.kr/sanction/33539768?from=policy&tid=32175351,2025-05-26,미래청년기획관 청년사업담당관,최수정 (02-2133-6585),attachments/85_original.hwpx,,청년사업담당관-5150
86,2025년 서울 청년수당 5월분 지급,https://opengov.seoul.go.kr/sanction/33537671?from=policy&tid=32175351,2025-05-26,미래청년기획관 청년사업담당관,최수정 (02-2133-6585),attachments/86_original.hwpx,,청년사업담당관-5109
87,2025년 서울 청년수당 4월분 추가 지급,https://opengov.seoul.go.kr/sanction/33512858?from=policy&tid=32175351,2025-05-21,미래청년기획관 청년사업담당관,최수정 (02-2133-6585),attachments/87_original.hwpx,,청년사업담당관-5046
88,2025년 서울 청년수당 모집 선정 결과,https://opengov.seoul.go.kr/sanction/33481696?from=policy&tid=32175351,2025-05-16,미래청년기획관 청년사업담당관,최수정 (02-2133-6585),attachments/88_original.hwpx,,청년사업담당관-4906
89,2025년 5월 서울 청년수당 중복참여 여부 조회 요청(희망두배 청년통장),https://opengov.seoul.go.kr/sanction/33462207?from=policy&tid=32175351,2025-05-14,미래청년기획관 청년사업담당관,최수정 (02-2133-6585),attachments/89_original.hwpx,,청년사업담당관-4808
90,2025년 5월 서울 청년수당 중복참여 여부 조회 요청(청년월세지원 사업),https://opengov.seoul.go.kr/sanction/33468083?from=policy&tid=32175351,2025-05-14,미래청년기획관 청년사업담당관,최수정 (02-2133-6585),attachments/90_original.hwpx,,청년사업담당관-4807
91,2025년 서울 청년수당 5월 지급분 반납품의(3건),https://opengov.seoul.go.kr/sanction/33467593?from=policy&tid=32175351,2025-05-14,미래청년기획관 청년사업담당관,최수정 (02-2133-6585),attachments/91_original.hwpx,,청년사업담당관-4805
92,[회신] 영등포구 미취업 청년 국가자격시험 응시료 지원사업 유사사업 중복지원 여부 조회 요청(4월),https://opengov.seoul.go.kr/sanction/33444055?from=policy&tid=32175351,2025-05-12,미래청년기획관 청년사업담당관,최수정 (02-2133-6585),attachments/92_original.hwpx,,청년사업담당관-4722
93,2025년 서울 청년수당 4월분 추가 지급,https://opengov.seoul.go.kr/sanction/33426294?from=policy&tid=32175351,2025-05-08,미래청년기획관 청년사업담당관,최수정 (02-2133-6585),attachments/93_original.hwpx,,청년사업담당관-4640
94,[회신] 2025년 동대문구 청년 자격취득 활동지원 유사 사업 등 중복지원 조회 요청[2차],https://opengov.seoul.go.kr/sanction/33425135?from=policy&tid=32175351,2025-05-08,미래청년기획관 청년사업담당관,최수정 (02-2133-6585),attachments/94_original.hwpx,,청년사업담당관-4618
95,[회신] 2025년 강서구 미취업청년 자격증 응시료 지원사업 중복지원 조회(1차),https://opengov.seoul.go.kr/sanction/33396561?from=policy&tid=32175351,2025-05-02,미래청년기획관 청년사업담당관,최수정 (02-2133-6585),attachments/95_original.hwpx,,청년사업담당관-4517
96,[회신] 2025년 마포구 청년 취업 준비 비용 지원사업 신청자 중복지원 여부 조회 요청(4월),https://opengov.seoul.go.kr/sanction/33393707?from=policy&tid=32175351,2025-05-02,미래청년기획관 청년사업담당관,최수정 (02-2133-6585),attachments/96_original.hwpx,,청년사업담당관-4516
97,[회신] 디딤돌소득 지원대상자 '서울 청년수당' 지원여부 확인 요청,https://opengov.seoul.go.kr/sanction/33371544?from=policy&tid=32175351,2025-04-29,미래청년기획관 청년사업담당관,최수정 (02-2133-6585),attachments/97_original.hwpx,,청년사업담당관-4397
98,2025년 서울 청년수당 4월분 추가 지급,https://opengov.seoul.go.kr/sanction/33362932?from=policy&tid=32175351,2025-04-29,미래청년기획관 청년사업담당관,최수정 (02-2133-6585),attachments/98_original.hwpx,,청년사업담당관-4366
99,2025년 서울 청년수당 4월분 지급,https://opengov.seoul.go.kr/sanction/33337139?from=policy&tid=32175351,2025-04-24,미래청년기획관 청년사업담당관,최수정 (02-2133-6585),attachments/99_original.hwpx,,청년사업담당관-4216
100,해치 홍보물품 대여 신청,https://opengov.seoul.go.kr/sanction/33332904?from=policy&tid=32175351,2025-04-24,미래청년기획관 청년사업담당관,최수정 (02-2133-6585),attachments/100_original.hwpx,,청년사업담당관-4208
101,요청자료 회신,https://opengov.seoul.go.kr/sanction/33298828?from=policy&tid=32175351,2025-04-18,미래청년기획관 청년사업담당관,최수정 (02-2133-6585),attachments/101_original.hwpx,,청년사업담당관-4005
102,[민원기한 04.11 16시 24분] 청년수당 이의제기,https://opengov.seoul.go.kr/sanction/33239455?from=policy&tid=32175351,2025-04-10,미래청년기획관 청년사업담당관,최수정 (02-2133-6585),attachments/102_original.hwpx,,청년사업담당관-3714
103,사실조회 요청에 대한 회신,https://opengov.seoul.go.kr/sanction/33206161?from=policy&tid=32175351,2025-04-07,미래청년기획관 청년사업담당관,최수정 (02-2133-6585),attachments/103_original.hwpx,,청년사업담당관-3544
104,서울광장 사용신고 수리 취소 요청,https://opengov.seoul.go.kr/sanction/33202778?from=policy&tid=32175351,2025-04-07,미래청년기획관 청년사업담당관,최수정 (02-2133-6585),attachments/104_original.hwpx,,청년사업담당관-3530
105,서울 청년수당 사업 참여여부 조회 협조 요청,https://opengov.seoul.go.kr/sanction/33092081?from=policy&tid=32175351,2025-03-24,미래청년기획관 청년사업담당관,최수정 (02-2133-6585),attachments/105_original.hwpx,,청년사업담당관-3001
106,SETEC 대관 신청 취소 요청(서울특별시 미래청년기획관),https://opengov.seoul.go.kr/sanction/33083236?from=policy&tid=32175351,2025-03-21,미래청년기획관 청년사업담당관,최수정 (02-2133-6585),attachments/106_original.hwpx,,청년사업담당관-2946
107,2025년 서울 청년수당 참여자 선정을 위한 서울런 참여 여부 조회 요청,https://opengov.seoul.go.kr/sanction/33033358?from=policy&tid=32175351,2025-03-14,미래청년기획관 청년사업담당관,최수정 (02-2133-6585),attachments/107_original.hwpx,,청년사업담당관-2692
108,2025년 서울 청년수당 중복참여 여부 조회 요청(국민취업지원제도),https://opengov.seoul.go.kr/sanction/33027163?from=policy&tid=32175351,2025-03-14,미래청년기획관 청년사업담당관,최수정 (02-2133-6585),attachments/108_original.hwpx,,청년사업담당관-2649
109,2025년 서울 청년수당 신청자의 건강보험료 부과액 자료 요청,https://opengov.seoul.go.kr/sanction/33027852?from=policy&tid=32175351,2025-03-14,미래청년기획관 청년사업담당관,최수정 (02-2133-6585),attachments/109_original.hwpx,,청년사업담당관-2648
110,2025년 서울 청년수당 신청자의 대학(원) 재학여부 조회 요청,https://opengov.seoul.go.kr/sanction/33033441?from=policy&tid=32175351,2025-03-14,미래청년기획관 청년사업담당관,최수정 (02-2133-6585),attachments/110_original.hwpx,,청년사업담당관-2647
111,2025년 서울 청년수당 중복참여 여부 조회 요청(청년월세지원 사업),https://opengov.seoul.go.kr/sanction/33032513?from=policy&tid=32175351,2025-03-14,미래청년기획관 청년사업담당관,최수정 (02-2133-6585),attachments/111_original.hwpx,,청년사업담당관-2645
112,2025년 서울 청년수당 중복참여 여부 조회 요청(희망두배 청년통장),https://opengov.seoul.go.kr/sanction/33032698?from=policy&tid=32175351,2025-03-14,미래청년기획관 청년사업담당관,최수정 (02-2133-6585),attachments/112_original.hwpx,,청년사업담당관-2644
113,2025 서울시 청년수당 모집 홍보 협조 요청,https://opengov.seoul.go.kr/sanction/32957586?from=policy&tid=32175351,2025-03-04,미래청년기획관 청년사업담당관,한보라 (02-2133-4311),attachments/113_original.hwpx,,청년사업담당관-2198
114,2025년 서울 청년수당 사업 공고에 따른 120다산콜재단 업무 협조  요청,https://opengov.seoul.go.kr/sanction/32930620?from=policy&tid=32175351,2025-02-28,미래청년기획관 청년사업담당관,한보라 (02-2133-4311),attachments/114_original.hwpx,,청년사업담당관-2106
115,2025년 서울 청년수당 참여자 모집 관련 홍보물 제작비 지급,https://opengov.seoul.go.kr/sanction/32893721?from=policy&tid=32175351,2025-02-24,미래청년기획관 청년사업담당관,최수정 (02-2133-6585),attachments/115_original.hwpx,,청년사업담당관-1863
116,SETEC 임대료 감면 협조 요청,https://opengov.seoul.go.kr/sanction/32895792?from=policy&tid=32175351,2025-02-24,미래청년기획관 청년사업담당관,최수정 (02-2133-6585),attachments/116_original.hwpx,,청년사업담당관-1826
117,SETEC 대관 신청서(서울특별시 미래청년기획관),https://opengov.seoul.go.kr/sanction/32875007?from=policy&tid=32175351,2025-02-20,미래청년기획관 청년사업담당관,최수정 (02-2133-6585),attachments/117_original.hwpx,,청년사업담당관-1743
118,[민원 협조답변] 서울시 거주 청년 일자리 및 지원대책 관련 문의,https://opengov.seoul.go.kr/sanction/32865955?from=policy&tid=32175351,2025-02-18,미래청년기획관 청년사업담당관,최수정 (02-2133-6585),attachments/118_original.hwpx,,청년사업담당관-1647
119,서울광장 사용신고서 제출,https://opengov.seoul.go.kr/sanction/32852447?from=policy&tid=32175351,2025-02-18,미래청년기획관 청년사업담당관,최수정 (02-2133-6585),attachments/119_original.hwpx,,청년사업담당관-1633
120,「2025년 서울 청년수당 서류검증단 및 전담 콜센터 운영 용역」 계약 의뢰-용역 계약 협상서,https://opengov.seoul.go.kr/sanction/32861609?from=policy&tid=32175351,2025-02-18,미래청년기획관 청년사업담당관,한보라 (02-2133-4311),attachments/120_original.hwpx,,청년사업담당관-1594
121,「2025년 서울 청년수당 서류검증단 및 전담 콜센터 운영 용역」 우선협상대상자 선정 통보 및 계약 의뢰,https://opengov.seoul.go.kr/sanction/32848149?from=policy&tid=32175351,2025-02-14,미래청년기획관 청년사업담당관,한보라 (02-2133-4311),attachments/121_original.hwpx,,청년사업담당관-1504
122,'25 청년수당 서류검증단 및 전담 콜센터 운영 용역 제안서평가회 심사 수당 지급,https://opengov.seoul.go.kr/sanction/32841435?from=policy&tid=32175351,2025-02-14,미래청년기획관 청년사업담당관,한보라 (02-2133-4311),attachments/122_original.hwpx,,청년사업담당관-1503
123,「2025년 서울 청년수당 서류검증단 및 전담 콜센터 운영 용역」제안서평가위원회 개최 결과 보고,https://opengov.seoul.go.kr/sanction/32863962?from=policy&tid=32175351,2025-02-13,미래청년기획관 청년사업담당관,한보라 (02-2133-4311),attachments/123_original.hwpx,,청년사업담당관-1485
124,「2025년 서울 청년수당 서류검증단 및 전담 콜센터 운영 용역」 제안서 평가 위원회 참석 요청,https://opengov.seoul.go.kr/sanction/32841205?from=policy&tid=32175351,2025-02-11,미래청년기획관 청년사업담당관,한보라 (02-2133-4311),attachments/124_original.hwpx,,청년사업담당관-1345
125,「2025년 서울 청년수당 서류검증단 및 전담 콜센터 운영 용역」 제안서 평가 위원회 참석 요청,https://opengov.seoul.go.kr/sanction/32839967?from=policy&tid=32175351,2025-02-10,미래청년기획관 청년사업담당관,한보라 (02-2133-4311),attachments/125_original.hwpx,,청년사업담당관-1241
126,「2025년 서울 청년수당 서류검증단 및 전담 콜센터 운영 용역」 제안서 평가 위원회 참석 요청,https://opengov.seoul.go.kr/sanction/32839873?from=policy&tid=32175351,2025-02-10,미래청년기획관 청년사업담당관,한보라 (02-2133-4311),attachments/126_original.hwpx,,청년사업담당관-1239
127,「2025년 서울 청년수당 서류검증단 및 전담 콜센터 운영 용역」 제안서 평가 위원회 참석 요청,https://opengov.seoul.go.kr/sanction/32839977?from=policy&tid=32175351,2025-02-10,미래청년기획관 청년사업담당관,한보라 (02-2133-4311),attachments/127_original.hwpx,,청년사업담당관-1238
128,「2025년 서울 청년수당 서류검증단 및 전담 콜센터 운영 용역」 제안서 평가 위원회 참석 요청,https://opengov.seoul.go.kr/sanction/32840021?from=policy&tid=32175351,2025-02-10,미래청년기획관 청년사업담당관,한보라 (02-2133-4311),attachments/128_original.hwpx,,청년사업담당관-1237
129,「2025년 서울 청년수당 서류검증단 및 전담 콜센터 운영 용역」 제안서 평가 위원회 참석 요청,https://opengov.seoul.go.kr/sanction/32840047?from=policy&tid=32175351,2025-02-10,미래청년기획관 청년사업담당관,한보라 (02-2133-4311),attachments/129_original.hwpx,,청년사업담당관-1236
130,「2025년 서울 청년수당 서류검증단 및 전담 콜센터 운영 용역」 제안서 평가 위원회 참석 요청,https://opengov.seoul.go.kr/sanction/32840087?from=policy&tid=32175351,2025-02-10,미래청년기획관 청년사업담당관,한보라 (02-2133-4311),attachments/130_original.hwpx,,청년사업담당관-1235
131,「2025년 서울 청년수당 서류검증단 및 전담 콜센터 운영 용역」 제안서 평가 위원회 참석 요청,https://opengov.seoul.go.kr/sanction/32840114?from=policy&tid=32175351,2025-02-10,미래청년기획관 청년사업담당관,한보라 (02-2133-4311),attachments/131_original.hwpx,,청년사업담당관-1234
132,『2025년 서울 청년수당 서류검증단 및 전담 콜센터 운영 용역』 제안서평가위원회 구성 및 운영계획,https://opengov.seoul.go.kr/sanction/32802583?from=policy&tid=32175351,2025-02-07,미래청년기획관 청년사업담당관,한보라 (02-2133-4311),attachments/132_original.hwpx,,청년사업담당관-1217
133,지하철 등 영상매체 무료 표출 심의 요청,https://opengov.seoul.go.kr/sanction/32775544?from=policy&tid=32175351,2025-02-06,미래청년기획관 청년사업담당관,최수정 (02-2133-6585),attachments/133_original.hwpx,,청년사업담당관-1203
134,제안서 평가위원 예비명부 확정(2025년 서울 청년수당 서류검증단 및 전담 콜센터 운영 용역),https://opengov.seoul.go.kr/sanction/32778217?from=policy&tid=32175351,2025-02-05,미래청년기획관 청년사업담당관,한보라 (02-2133-4311),attachments/134_original.hwpx,,청년사업담당관-1141
135,"시의원 요구자료 제출(요구번호 103번, 박강산의원, 행정자치위원회)",https://opengov.seoul.go.kr/sanction/32747450?from=policy&tid=32175351,2025-02-03,미래청년기획관 청년사업담당관,최수정 (02-2133-6585),attachments/135_original.hwpx,,청년사업담당관-1063
136,「2025년 서울 청년수당 서류검증단 및 전담 콜센터 운영 용역」 사전 규격 공개 결과 보고,https://opengov.seoul.go.kr/sanction/32734655?from=policy&tid=32175351,2025-01-24,미래청년기획관 청년사업담당관,한보라 (02-2133-4311),attachments/136_original.hwpx,,청년사업담당관-917
137,입찰공고(긴급) 의뢰_2025년 서울 청년수당 서류검증단 및 전담 콜센터 운영 용역,https://opengov.seoul.go.kr/sanction/32732565?from=policy&tid=32175351,2025-01-24,미래청년기획관 청년사업담당관,한보라 (02-2133-4311),attachments/137_original.hwpx,,청년사업담당관-916
138,[회신] '24년 청년월세지원 4차 지급심사 중복조회 자료 요청(청년수당),https://opengov.seoul.go.kr/sanction/32712919?from=policy&tid=32175351,2025-01-23,미래청년기획관 청년사업담당관,최수정 (02-2133-6585),attachments/138_original.hwpx,,청년사업담당관-876
139,2025년 서울 청년수당 서류검증단 및 전담 콜센터 운영 용역 지출 품의,https://opengov.seoul.go.kr/sanction/32722134?from=policy&tid=32175351,2025-01-23,미래청년기획관 청년사업담당관,한보라 (02-2133-4311),attachments/139_original.hwpx,,청년사업담당관-851
140,지하철 등 영상매체 무료 표출 심의 요청,https://opengov.seoul.go.kr/sanction/32703303?from=policy&tid=32175351,2025-01-22,미래청년기획관 청년사업담당관,최수정 (02-2133-6585),attachments/140_original.hwpx,,청년사업담당관-808
141,「2025년 서울 청년수당 서류검증단 및 전담 콜센터 운영 용역」 사전 규격 공개 계획,https://opengov.seoul.go.kr/sanction/32692548?from=policy&tid=32175351,2025-01-20,미래청년기획관 청년사업담당관,한보라 (02-2133-4311),attachments/141_original.hwpx,,청년사업담당관-707
142,2025년도 서울 청년수당 대상자 선정을 위한 건강보험료 소득판정 기준표 요청,https://opengov.seoul.go.kr/sanction/32662870?from=policy&tid=32175351,2025-01-16,미래청년기획관 청년사업담당관,최수정 (02-2133-6585),attachments/142_original.hwpx,,청년사업담당관-572
143,2025년 서울 청년수당 사업 운영계획,https://opengov.seoul.go.kr/sanction/32665684?from=policy&tid=32175351,2025-01-16,미래청년기획관 청년사업담당관,최수정 (02-2133-6585),attachments/143_original.hwpx,,청년사업담당관-566
144,원가심사 의뢰(2025년 서울 청년수당 서류검증단 및 전담 콜센터 운영 용역),https://opengov.seoul.go.kr/sanction/32651327?from=policy&tid=32175351,2025-01-14,미래청년기획관 청년사업담당관,한보라 (02-2133-4311),attachments/144_original.hwpx,,청년사업담당관-510
145,[회신] 디딤돌소득 지원대상자 '서울 청년수당' 지원여부 확인 요청,https://opengov.seoul.go.kr/sanction/32551087?from=policy&tid=32175351,2024-12-30,미래청년기획관 청년사업담당관,최수정 (02-2133-6585),attachments/145_original.hwpx,,청년사업담당관-6340
146,’24년 청년수당 TF 운영결과 및 ’25년 청년수당 개선계획 보고,https://opengov.seoul.go.kr/sanction/32558486?from=policy&tid=32175351,2024-12-30,미래청년기획관 청년사업담당관,최수정 (02-2133-6585),attachments/146_original.hwpx,,청년사업담당관-6308
147,준공검사(감독)조서(청년수당 서류검증단 및 콜센터 운영 용역),https://opengov.seoul.go.kr/sanction/32460090?from=policy&tid=32175351,2024-12-18,미래청년기획관 청년사업담당관,한보라 (02-2133-4311),attachments/147_original.hwpx,,청년사업담당관-5867
148,2024년 서울 청년수당 12월분 지급(2차 참여자),https://opengov.seoul.go.kr/sanction/32454648?from=policy&tid=32175351,2024-12-17,미래청년기획관 청년사업담당관,최수정 (02-2133-6585),attachments/148_original.hwpx,,청년사업담당관-5838
149,[회신] 영등포구 미취업청년 자격증 응시료 지원사업 유사사업 중복지원 여부 조회 요청(12월1차),https://opengov.seoul.go.kr/sanction/32449764?from=policy&tid=32175351,2024-12-17,미래청년기획관 청년사업담당관,최수정 (02-2133-6585),attachments/149_original.hwpx,,청년사업담당관-5837
150,2024년 12월 서울 청년수당 중복참여 여부 조회 요청(청년월세지원 사업),https://opengov.seoul.go.kr/sanction/32409779?from=policy&tid=32175351,2024-12-11,미래청년기획관 청년사업담당관,최수정 (02-2133-6585),attachments/150_original.hwpx,,청년사업담당관-5617
151,2024년 12월 서울 청년수당 중복참여 여부 조회 요청(희망두배 청년통장),https://opengov.seoul.go.kr/sanction/32407675?from=policy&tid=32175351,2024-12-11,미래청년기획관 청년사업담당관,최수정 (02-2133-6585),attachments/151_original.hwpx,,청년사업담당관-5616
152,2024년 서울 청년수당 11월분 추가 지급,https://opengov.seoul.go.kr/sanction/32349832?from=policy&tid=32175351,2024-12-04,미래청년기획관 청년사업담당관,최수정 (02-2133-6585),attachments/152_original.hwpx,,청년사업담당관-5398
153,[회신] 2024년 마포구 청년 취업 준비 비용 지원사업 신청자 중복지원 여부 조회 요청(11월),https://opengov.seoul.go.kr/sanction/32341272?from=policy&tid=32175351,2024-12-03,미래청년기획관 청년사업담당관,최수정 (02-2133-6585),attachments/153_original.hwpx,,청년사업담당관-5349
154,[회신] 영등포구 미취업청년 자격증 응시료 지원사업 유사사업 중복지원 여부 조회 요청(11월1차),https://opengov.seoul.go.kr/sanction/32277733?from=policy&tid=32175351,2024-11-26,미래청년기획관 청년사업담당관,최수정 (02-2133-6585),attachments/154_original.hwpx,,청년사업담당관-5142
155,[회신] 「으뜸관악 청년통장」만기예정자 유사사업 중복수혜 여부 조회 요청,https://opengov.seoul.go.kr/sanction/32283972?from=policy&tid=32175351,2024-11-26,미래청년기획관 청년사업담당관,최수정 (02-2133-6585),attachments/155_original.hwpx,,청년사업담당관-5141
156,[회신] '24년 청년월세지원 3차 지급심사 중복조회 자료 요청(청년수당),https://opengov.seoul.go.kr/sanction/32283931?from=policy&tid=32175351,2024-11-26,미래청년기획관 청년사업담당관,최수정 (02-2133-6585),attachments/156_original.hwpx,,청년사업담당관-5138
157,2024년 서울 청년수당 11월분 지급(2차 참여자),https://opengov.seoul.go.kr/sanction/32267728?from=policy&tid=32175351,2024-11-25,미래청년기획관 청년사업담당관,최수정 (02-2133-6585),attachments/157_original.hwpx,,청년사업담당관-5055
158,[회신] 디딤돌소득 지원대상자 '서울 청년수당' 지원여부 확인 요청,https://opengov.seoul.go.kr/sanction/32257756?from=policy&tid=32175351,2024-11-22,미래청년기획관 청년사업담당관,최수정 (02-2133-6585),,,청년사업담당관-5048
159,사회보장제도 변경 협의요청서 제출(서울특별시 본청 청년사업담당관)_긴급사유소명서 추가제출,https://opengov.seoul.go.kr/sanction/32217113?from=policy&tid=32175351,2024-11-18,미래청년기획관 청년사업담당관,최수정 (02-2133-6585),attachments/159_original.hwpx,,청년사업담당관-4849
160,[시스템 연계] 사회보장제도 변경 협의요청서 제출(서울특별시 본청 청년사업담당관),https://opengov.seoul.go.kr/sanction/32203273?from=policy&tid=32175351,2024-11-14,미래청년기획관 청년사업담당관,최수정 (02-2133-6585),attachments/160_original.hwpx,,청년사업담당관-4751
161,2024년 11월 서울 청년수당 중복참여 여부 조회 요청(청년월세지원 사업),https://opengov.seoul.go.kr/sanction/32192100?from=policy&tid=32175351,2024-11-13,미래청년기획관 청년사업담당관,최수정 (02-2133-6585),attachments/161_original.hwpx,,청년사업담당관-4697
162,2024년 11월 서울 청년수당 중복참여 여부 조회 요청(희망두배 청년통장),https://opengov.seoul.go.kr/sanction/32192083?from=policy&tid=32175351,2024-11-13,미래청년기획관 청년사업담당관,최수정 (02-2133-6585),attachments/162_original.hwpx,,청년사업담당관-4696
163,[회신] 2024년 「으뜸관악 청년통장」 신청자 유사사업 중복지원 조회 요청,https://opengov.seoul.go.kr/sanction/32193029?from=policy&tid=32175351,2024-11-13,미래청년기획관 청년사업담당관,최수정 (02-2133-6585),attachments/163_original.hwpx,,청년사업담당관-4695
164,"시의원 요구자료 제출(요구번호 2610번, 서상열의원, 도시계획균형위원회)",https://opengov.seoul.go.kr/sanction/32122186?from=policy&tid=32175351,2024-11-04,미래청년기획관 청년사업담당관,최수정 (02-2133-6585),attachments/164_original.hwpx,,청년사업담당관-4351
165,공적조서 제출,https://opengov.seoul.go.kr/sanction/32096568?from=policy&tid=32175351,2024-10-31,미래청년기획관 청년사업담당관,최수정 (02-2133-6585),,,청년사업담당관-4255
166,2024년 서울 청년수당 10월 지급분 반납품의(1건),https://opengov.seoul.go.kr/sanction/32083995?from=policy&tid=32175351,2024-10-30,미래청년기획관 청년사업담당관,최수정 (02-2133-6585),attachments/166_original.hwpx,,청년사업담당관-4223
167,[회신] 2024년 9월 개인정보처리시스템 특이 접속기록 확인 요청,https://opengov.seoul.go.kr/sanction/32081671?from=policy&tid=32175351,2024-10-30,미래청년기획관 청년사업담당관,한보라 (02-2133-4311),,,청년사업담당관-4219
168,[회신] 2024년 동대문구 청년 자격취득 활동지원 유사 사업 등 중복지원 조회 요청,https://opengov.seoul.go.kr/sanction/32063680?from=policy&tid=32175351,2024-10-28,미래청년기획관 청년사업담당관,최수정 (02-2133-6585),attachments/168_original.hwpx,,청년사업담당관-4130
169,[회신] 디딤돌소득 지원대상자 '서울 청년수당' 지원여부 확인 요청,https://opengov.seoul.go.kr/sanction/32061657?from=policy&tid=32175351,2024-10-28,미래청년기획관 청년사업담당관,최수정 (02-2133-6585),attachments/169_original.hwpx,,청년사업담당관-4122
170,2024년 서울 청년수당 10월분 지급(2차 참여자),https://opengov.seoul.go.kr/sanction/32028217?from=policy&tid=32175351,2024-10-22,미래청년기획관 청년사업담당관,최수정 (02-2133-6585),attachments/170_original.hwpx,,청년사업담당관-3974
171,정보공개 결정 통지서 (13173982),https://opengov.seoul.go.kr/sanction/32023751?from=policy&tid=32175351,2024-10-22,미래청년기획관 청년사업담당관,최수정 (02-2133-6585),attachments/171_original.hwpx,,청년사업담당관-3951
172,[회신] 의정모니터(2024. 7월) 우수의견 검토 결과 제출 요청,https://opengov.seoul.go.kr/sanction/32009538?from=policy&tid=32175351,2024-10-21,미래청년기획관 청년사업담당관,최수정 (02-2133-6585),attachments/172_original.hwpx,,청년사업담당관-3894
173,[회신] 2024년 동대문구 청년 자격취득 활동지원 유사 사업 등 중복지원 조회 요청,https://opengov.seoul.go.kr/sanction/31961023?from=policy&tid=32175351,2024-10-14,미래청년기획관 청년사업담당관,최수정 (02-2133-6585),attachments/173_original.hwpx,,청년사업담당관-3699
174,2024년 10월 서울 청년수당 중복참여 여부 조회 요청(청년월세지원 사업),https://opengov.seoul.go.kr/sanction/31963734?from=policy&tid=32175351,2024-10-14,미래청년기획관 청년사업담당관,최수정 (02-2133-6585),attachments/174_original.hwpx,,청년사업담당관-3685
175,2024년 10월 서울 청년수당 중복참여 여부 조회 요청(희망두배 청년통장),https://opengov.seoul.go.kr/sanction/31961818?from=policy&tid=32175351,2024-10-14,미래청년기획관 청년사업담당관,최수정 (02-2133-6585),attachments/175_original.hwpx,,청년사업담당관-3684
176,2024년 서울 청년수당 9월분 추가 지급,https://opengov.seoul.go.kr/sanction/31941396?from=policy&tid=32175351,2024-10-10,미래청년기획관 청년사업담당관,최수정 (02-2133-6585),attachments/176_original.hwpx,,청년사업담당관-3620
177,2024년 서울 청년수당 2차 모집 선정 결과,https://opengov.seoul.go.kr/sanction/31898838?from=policy&tid=32175351,2024-10-04,미래청년기획관 청년사업담당관,최수정 (02-2133-6585),attachments/177_original.hwpx,,청년사업담당관-3407
178,[회신] 2024년 동대문구 청년 자격취득 활동지원 유사 사업 등 중복지원 조회 요청,https://opengov.seoul.go.kr/sanction/31850318?from=policy&tid=32175351,2024-09-26,미래청년기획관 청년사업담당관,최수정 (02-2133-6585),attachments/178_original.hwpx,,청년사업담당관-3160
179,2024년 서울 청년수당 9월분 추가 지급,https://opengov.seoul.go.kr/sanction/31839514?from=policy&tid=32175351,2024-09-25,미래청년기획관 청년사업담당관,최수정 (02-2133-6585),attachments/179_original.hwpx,,청년사업담당관-3131
180,[회신] '24년 청년월세지원 2차 지급심사 중복조회 자료 요청(청년수당),https://opengov.seoul.go.kr/sanction/31843780?from=policy&tid=32175351,2024-09-25,미래청년기획관 청년사업담당관,최수정 (02-2133-6585),attachments/180_original.hwpx,,청년사업담당관-3129
181,[회신] 디딤돌소득 지원대상자 '서울 청년수당' 지원여부 확인 요청,https://opengov.seoul.go.kr/sanction/31832828?from=policy&tid=32175351,2024-09-24,미래청년기획관 청년사업담당관,최수정 (02-2133-6585),attachments/181_original.hwpx,,청년사업담당관-3071
182,[회신] 서울시 '23년(2기) 청년월세지원 중복 조회 자료 요청(청년수당),https://opengov.seoul.go.kr/sanction/31837220?from=policy&tid=32175351,2024-09-24,미래청년기획관 청년사업담당관,최수정 (02-2133-6585),attachments/182_original.hwpx,,청년사업담당관-3061
183,2024년 서울 청년수당 9월분 지급(1차 참여자),https://opengov.seoul.go.kr/sanction/31834828?from=policy&tid=32175351,2024-09-24,미래청년기획관 청년사업담당관,최수정 (02-2133-6585),attachments/183_original.hwpx,,청년사업담당관-3052
184,2024년 서울 청년수당 9월분 지급(2차 참여자),https://opengov.seoul.go.kr/sanction/31833130?from=policy&tid=32175351,2024-09-24,미래청년기획관 청년사업담당관,최수정 (02-2133-6585),attachments/184_original.hwpx,,청년사업담당관-3051
185,2024년 9월 서울 청년수당 중복참여 여부 조회 요청(희망두배 청년통장),https://opengov.seoul.go.kr/sanction/31781242?from=policy&tid=32175351,2024-09-12,미래청년기획관 청년사업담당관,최수정 (02-2133-6585),attachments/185_original.hwpx,,청년사업담당관-2780
186,2024년 9월 서울 청년수당 중복참여 여부 조회 요청(청년월세지원 사업),https://opengov.seoul.go.kr/sanction/31784730?from=policy&tid=32175351,2024-09-12,미래청년기획관 청년사업담당관,최수정 (02-2133-6585),attachments/186_original.hwpx,,청년사업담당관-2779
187,"국회의원 요구자료 제출(요구번호 2131번, 이성권 의원, 행정안전위원회)",https://opengov.seoul.go.kr/sanction/31771659?from=policy&tid=32175351,2024-09-11,미래청년기획관 청년사업담당관,최수정 (02-2133-6585),attachments/187_original.hwpx,,청년사업담당관-2723
188,2024년 서울 청년수당 7월분 추가 지급,https://opengov.seoul.go.kr/sanction/31763712?from=policy&tid=32175351,2024-09-10,미래청년기획관 청년사업담당관,최수정 (02-2133-6585),attachments/188_original.hwpx,,청년사업담당관-2641
189,2024년 서울 청년수당 8월분 추가 지급,https://opengov.seoul.go.kr/sanction/31758237?from=policy&tid=32175351,2024-09-10,미래청년기획관 청년사업담당관,최수정 (02-2133-6585),attachments/189_original.hwpx,,청년사업담당관-2639
190,[회신] 2024년 동대문구 청년 자격취득 활동지원 유사 사업 등 중복지원 조회 요청-수정-,https://opengov.seoul.go.kr/sanction/31747576?from=policy&tid=32175351,2024-09-09,미래청년기획관 청년사업담당관,최수정 (02-2133-6585),attachments/190_original.hwpx,,청년사업담당관-2601
191,2024년 서울 청년수당 8월분 추가 지급(1차 참여자)(수정),https://opengov.seoul.go.kr/sanction/31729626?from=policy&tid=32175351,2024-09-05,미래청년기획관 청년사업담당관,최수정 (02-2133-6585),attachments/191_original.hwpx,,청년사업담당관-2467
192,2024년 서울 청년수당 8월분 추가 지급(1차 참여자),https://opengov.seoul.go.kr/sanction/31717311?from=policy&tid=32175351,2024-09-04,미래청년기획관 청년사업담당관,최수정 (02-2133-6585),attachments/192_original.hwpx,,청년사업담당관-2434
193,[회신] 2024년 마포구 청년 취업 준비 비용 지원사업 신청자 중복지원 여부 조회 요청(8월),https://opengov.seoul.go.kr/sanction/31693120?from=policy&tid=32175351,2024-09-02,미래청년기획관 청년사업담당관,최수정 (02-2133-6585),attachments/193_original.hwpx,,청년사업담당관-2358
194,[회신] 안심소득 지원대상자 '서울 청년수당' 지원여부 확인 요청,https://opengov.seoul.go.kr/sanction/31700062?from=policy&tid=32175351,2024-09-02,미래청년기획관 청년사업담당관,최수정 (02-2133-6585),attachments/194_original.hwpx,,청년사업담당관-2357
195,2024년 서울 청년수당 8월 지급분 반납품의(1건),https://opengov.seoul.go.kr/sanction/31698696?from=policy&tid=32175351,2024-09-02,미래청년기획관 청년사업담당관,최수정 (02-2133-6585),attachments/195_original.hwpx,,청년사업담당관-2302
196,날인본 재송부(서울 청년수당 예금주 불일치 건 지급처리 요청),https://opengov.seoul.go.kr/sanction/31679624?from=policy&tid=32175351,2024-08-30,미래청년기획관 청년사업담당관,최수정 (02-2133-6585),attachments/196_original.hwpx,,청년사업담당관-2299
197,서울 청년수당 예금주 불일치 건 지급처리 요청,https://opengov.seoul.go.kr/sanction/31685959?from=policy&tid=32175351,2024-08-30,미래청년기획관 청년사업담당관,최수정 (02-2133-6585),attachments/197_original.hwpx,,청년사업담당관-2280
198,2024년 서울 청년수당 8월분 추가 지급(2차 참여자),https://opengov.seoul.go.kr/sanction/31684158?from=policy&tid=32175351,2024-08-30,미래청년기획관 청년사업담당관,최수정 (02-2133-6585),attachments/198_original.hwpx,,청년사업담당관-2247
199,[회신] 영등포구 미취업청년 자격증 응시료 지원사업 유사사업 중복지원 여부 조회 요청,https://opengov.seoul.go.kr/sanction/31663326?from=policy&tid=32175351,2024-08-28,미래청년기획관 청년사업담당관,최수정 (02-2133-6585),attachments/199_original.hwpx,,청년사업담당관-2165
200,2024년 서울 청년수당 8월분 지급(1차 참여자),https://opengov.seoul.go.kr/sanction/31641635?from=policy&tid=32175351,2024-08-26,미래청년기획관 청년사업담당관,최수정 (02-2133-6585),attachments/200_original.hwpx,,청년사업담당관-2094
201,2024년 서울 청년수당 8월분 지급(2차 참여자),https://opengov.seoul.go.kr/sanction/31641649?from=policy&tid=32175351,2024-08-26,미래청년기획관 청년사업담당관,최수정 (02-2133-6585),attachments/201_original.hwpx,,청년사업담당관-2093
202,[회신] 2024년 동대문구 청년 자격취득 활동지원 유사 사업 등 중복지원 조회 요청,https://opengov.seoul.go.kr/sanction/31610686?from=policy&tid=32175351,2024-08-20,미래청년기획관 청년사업담당관,최수정 (02-2133-6585),attachments/202_original.hwpx,,청년사업담당관-1907
203,유해사이트 차단 예외 신청,https://opengov.seoul.go.kr/sanction/31605725?from=policy&tid=32175351,2024-08-19,미래청년기획관 청년사업담당관,최수정 (02-2133-6585),attachments/203_original.hwpx,,청년사업담당관-1874
204,2024년 8월 서울 청년수당 중복참여 여부 조회 요청(청년월세지원 사업),https://opengov.seoul.go.kr/sanction/31583044?from=policy&tid=32175351,2024-08-14,미래청년기획관 청년사업담당관,최수정 (02-2133-6585),attachments/204_original.hwpx,,청년사업담당관-1732
205,2024년 8월 서울 청년수당 중복참여 여부 조회 요청(희망두배 청년통장),https://opengov.seoul.go.kr/sanction/31586180?from=policy&tid=32175351,2024-08-14,미래청년기획관 청년사업담당관,최수정 (02-2133-6585),attachments/205_original.hwpx,,청년사업담당관-1731
206,[회신] 용산구 청년 국가자격증 및 어학시험 응시료 지원사업 중복지원 여부 조회 요청(2024. 8.),https://opengov.seoul.go.kr/sanction/31572535?from=policy&tid=32175351,2024-08-13,미래청년기획관 청년사업담당관,최수정 (02-2133-6585),attachments/206_original.hwpx,,청년사업담당관-1682
207,중구구민회관 대관 협조 요청,https://opengov.seoul.go.kr/sanction/31567326?from=policy&tid=32175351,2024-08-12,미래청년기획관 청년사업담당관,최수정 (02-2133-6585),attachments/207_original.hwpx,,청년사업담당관-1648
208,[회신] 국민내일배움카드 훈련생의 서울시 청년수당 사업 참여기간 확인 요청,https://opengov.seoul.go.kr/sanction/31541226?from=policy&tid=32175351,2024-08-07,미래청년기획관 청년사업담당관,한보라 (02-2133-4311),,,청년사업담당관-1479
209,[회신] 안심소득 지원대상자 '서울 청년수당' 지원여부 확인 요청,https://opengov.seoul.go.kr/sanction/31525199?from=policy&tid=32175351,2024-08-06,미래청년기획관 청년사업담당관,최수정 (02-2133-6585),attachments/209_original.hwpx,,청년사업담당관-1425
210,[회신] 2024년 동대문구 청년 자격취득 활동지원 유사 사업 등 중복지원 조회 요청,https://opengov.seoul.go.kr/sanction/31531431?from=policy&tid=32175351,2024-08-06,미래청년기획관 청년사업담당관,최수정 (02-2133-6585),attachments/210_original.hwpx,,청년사업담당관-1424
211,[회신] 2024년 마포구 청년 취업 준비 비용 지원사업 신청자 중복지원 여부 조회 요청(7월),https://opengov.seoul.go.kr/sanction/31518325?from=policy&tid=32175351,2024-08-05,미래청년기획관 청년사업담당관,최수정 (02-2133-6585),attachments/211_original.hwpx,,청년사업담당관-1376
212,2024년 서울 청년수당 7월분 추가 지급,https://opengov.seoul.go.kr/sanction/31505873?from=policy&tid=32175351,2024-08-02,미래청년기획관 청년사업담당관,최수정 (02-2133-6585),attachments/212_original.hwpx,,청년사업담당관-1319
213,공공데이터 (부분제공) 결정 통지서,https://opengov.seoul.go.kr/sanction/31502837?from=policy&tid=32175351,2024-08-01,미래청년기획관 청년사업담당관,최수정 (02-2133-6585),,,청년사업담당관-1276
214,2024년 서울 청년수당 7월 지급분 반납품의(4건),https://opengov.seoul.go.kr/sanction/31476803?from=policy&tid=32175351,2024-07-30,,,,,청년사업담당관-1174
215,"2024년 서울 청년수당 7월분 지급(2차 참여자, 8.5)",https://opengov.seoul.go.kr/sanction/31471234?from=policy&tid=32175351,2024-07-29,미래청년기획관 청년사업담당관,최수정 (02-2133-6585),attachments/215_original.hwpx,,청년사업담당관-1130
216,[회신] 서울시 '24년 청년월세지원 중복 조회 자료 요청(청년수당),https://opengov.seoul.go.kr/sanction/31468850?from=policy&tid=32175351,2024-07-29,미래청년기획관 청년사업담당관,최수정 (02-2133-6585),attachments/216_original.hwpx,,청년사업담당관-1120
217,2024년 서울 청년수당 7월분 지급(2차 참여자),https://opengov.seoul.go.kr/sanction/31439587?from=policy&tid=32175351,2024-07-24,미래청년기획관 청년사업담당관,최수정 (02-2133-6585),attachments/217_original.hwpx,,청년사업담당관-997
218,서울 청년수당 사업 예비선정자 이력 확인,https://opengov.seoul.go.kr/sanction/31441459?from=policy&tid=32175351,2024-07-24,미래청년기획관 청년사업담당관,최수정 (02-2133-6585),attachments/218_original.hwpx,,청년사업담당관-962
219,2024년 서울 청년수당 7월분 지급(2차 참여자),https://opengov.seoul.go.kr/sanction/31436193?from=policy&tid=32175351,2024-07-23,미래청년기획관 청년사업담당관,최수정 (02-2133-6585),attachments/219_original.hwpx,,청년사업담당관-925
220,[회신] 영등포구 '미취업청년 자격증 응시료 지원사업' 유사사업 중복지원 여부 조회 요청,https://opengov.seoul.go.kr/sanction/31436845?from=policy&tid=32175351,2024-07-23,미래청년기획관 청년사업담당관,최수정 (02-2133-6585),attachments/220_original.hwpx,,청년사업담당관-882
221,대량지급 이용 변경신청서 제출,https://opengov.seoul.go.kr/sanction/31426784?from=policy&tid=32175351,2024-07-22,미래청년기획관 청년사업담당관,최수정 (02-2133-6585),attachments/221_original.hwpx,,청년사업담당관-854
222,2024년 서울 청년수당 7월분 지급(1차 참여자),https://opengov.seoul.go.kr/sanction/31424027?from=policy&tid=32175351,2024-07-22,미래청년기획관 청년사업담당관,최수정 (02-2133-6585),attachments/222_original.hwpx,,청년사업담당관-837
223,2024년 서울 청년수당 6월분 추가 지급,https://opengov.seoul.go.kr/sanction/31405798?from=policy&tid=32175351,2024-07-18,미래청년기획관 청년사업담당관,최수정 (02-2133-6585),attachments/223_original.hwpx,,청년사업담당관-751
224,2024년 서울 청년수당 6월분 추가 지급,https://opengov.seoul.go.kr/sanction/31403945?from=policy&tid=32175351,2024-07-18,미래청년기획관 청년사업담당관,최수정 (02-2133-6585),attachments/224_original.hwpx,,청년사업담당관-735
225,[회신] 2024년 동대문구 청년 자격취득 활동지원 유사사업 등 중복지원 조회요청,https://opengov.seoul.go.kr/sanction/31386958?from=policy&tid=32175351,2024-07-16,미래청년기획관 청년사업담당관,최수정 (02-2133-6585),attachments/225_original.hwpx,,청년사업담당관-653
226,2024년 7월 서울 청년수당 중복참여 여부 조회 요청(희망두배 청년통장),https://opengov.seoul.go.kr/sanction/31387847?from=policy&tid=32175351,2024-07-16,미래청년기획관 청년사업담당관,최수정 (02-2133-6585),attachments/226_original.hwpx,,청년사업담당관-638
227,2024년 7월 서울 청년수당 중복참여 여부 조회 요청(청년월세지원 사업),https://opengov.seoul.go.kr/sanction/31390479?from=policy&tid=32175351,2024-07-16,미래청년기획관 청년사업담당관,최수정 (02-2133-6585),attachments/227_original.hwpx,,청년사업담당관-637
228,2024년 서울 청년수당 6월분 추가 지급,https://opengov.seoul.go.kr/sanction/31350896?from=policy&tid=32175351,2024-07-10,미래청년기획관 청년사업담당관,오유정 (02-2133-4329),attachments/228_original.hwpx,,청년사업담당관-381
229,[회신] 2024년 희망두배 청년통장 신규 신청자 대상 서울 청년수당 참여 여부 회신,https://opengov.seoul.go.kr/sanction/31322426?from=policy&tid=32175351,2024-07-05,미래청년기획관 청년사업담당관,오유정 (02-2133-4329),attachments/229_original.hwpx,,청년사업담당관-235
230,[회신] 안심소득 지원대상자 '서울 청년수당' 6월분 지급여부 확인 요청,https://opengov.seoul.go.kr/sanction/31319869?from=policy&tid=32175351,2024-07-05,미래청년기획관 청년사업담당관,오유정 (02-2133-4329),attachments/230_original.hwpx,,청년사업담당관-233
231,2024년 서울 청년수당 6월 지급분 반납품의(1건),https://opengov.seoul.go.kr/sanction/31299794?from=policy&tid=32175351,2024-07-03,미래청년기획관 청년사업담당관,오유정 (02-2133-4329),attachments/231_original.hwpx,,청년사업담당관-86
232,서울 청년수당 예금주 불일치 건 지급처리 요청,https://opengov.seoul.go.kr/sanction/31286998?from=policy&tid=32175351,2024-07-02,미래청년기획관 청년사업담당관,오유정 (02-2133-4329),attachments/232_original.hwpx,,청년사업담당관-67
233,[회신] 청년 자격취득 활동지원 유사 사업 등 중복지원 조회,https://opengov.seoul.go.kr/sanction/31288136?from=policy&tid=32175351,2024-07-02,미래청년기획관 청년사업담당관,오유정 (02-2133-4329),attachments/233_original.hwpx,,청년사업담당관-40
